-- Name : Smeet Parmar
-- Student Number : 8897851

-- MySQL Script generated by MySQL Workbench
-- Thu Nov  9 12:35:02 2023
-- Model: New Model    Version: 1.0
-- MySQL Workbench Forward Engineering

SET @OLD_UNIQUE_CHECKS=@@UNIQUE_CHECKS, UNIQUE_CHECKS=0;
SET @OLD_FOREIGN_KEY_CHECKS=@@FOREIGN_KEY_CHECKS, FOREIGN_KEY_CHECKS=0;
SET @OLD_SQL_MODE=@@SQL_MODE, SQL_MODE='ONLY_FULL_GROUP_BY,STRICT_TRANS_TABLES,NO_ZERO_IN_DATE,NO_ZERO_DATE,ERROR_FOR_DIVISION_BY_ZERO,NO_ENGINE_SUBSTITUTION';

-- -----------------------------------------------------
-- Schema parmar51
-- -----------------------------------------------------

-- -----------------------------------------------------
-- Schema parmar51
-- -----------------------------------------------------
CREATE SCHEMA IF NOT EXISTS `parmar51` DEFAULT CHARACTER SET utf8 ;
USE `parmar51` ;

-- -----------------------------------------------------
-- Table `parmar51`.`Student`
-- -----------------------------------------------------
CREATE TABLE IF NOT EXISTS `parmar51`.`Student` (
  `student_id` INT NOT NULL AUTO_INCREMENT,
  `firstName` VARCHAR(45) NULL,
  `lastName` VARCHAR(45) NULL,
  `email` VARCHAR(45) NULL,
  PRIMARY KEY (`student_id`))
ENGINE = InnoDB;


-- -----------------------------------------------------
-- Table `parmar51`.`Course`
-- -----------------------------------------------------
CREATE TABLE IF NOT EXISTS `parmar51`.`Course` (
  `course_id` INT NOT NULL AUTO_INCREMENT,
  `couse_title` VARCHAR(45) NULL,
  PRIMARY KEY (`course_id`))
ENGINE = InnoDB;


-- -----------------------------------------------------
-- Table `parmar51`.`Term`
-- -----------------------------------------------------
CREATE TABLE IF NOT EXISTS `parmar51`.`Term` (
  `term_name` VARCHAR(6) NOT NULL,
  PRIMARY KEY (`term_name`))
ENGINE = InnoDB;


-- -----------------------------------------------------
-- Table `parmar51`.`Enrollment`
-- -----------------------------------------------------
CREATE TABLE IF NOT EXISTS `parmar51`.`Enrollment` (
  `student_id` INT NOT NULL,
  `course_id` INT NOT NULL,
  `grade` VARCHAR(2) NULL,
  `term_name` VARCHAR(6) NOT NULL,
  PRIMARY KEY (`student_id`, `course_id`),
  INDEX `fk_Enrollment_Course1_idx` (`course_id` ASC),
  INDEX `fk_Enrollment_Term1_idx` (`term_name` ASC),
  CONSTRAINT `fk_Enrollment_Student`
    FOREIGN KEY (`student_id`)
    REFERENCES `parmar51`.`Student` (`student_id`)
    ON DELETE NO ACTION
    ON UPDATE NO ACTION,
  CONSTRAINT `fk_Enrollment_Course1`
    FOREIGN KEY (`course_id`)
    REFERENCES `parmar51`.`Course` (`course_id`)
    ON DELETE NO ACTION
    ON UPDATE NO ACTION,
  CONSTRAINT `fk_Enrollment_Term1`
    FOREIGN KEY (`term_name`)
    REFERENCES `parmar51`.`Term` (`term_name`)
    ON DELETE NO ACTION
    ON UPDATE NO ACTION)
ENGINE = InnoDB;


SET SQL_MODE=@OLD_SQL_MODE;
SET FOREIGN_KEY_CHECKS=@OLD_FOREIGN_KEY_CHECKS;
SET UNIQUE_CHECKS=@OLD_UNIQUE_CHECKS;

INSERT INTO `student`(`firstName`, `lastName`, `email`) VALUES ('Smeet','Parmar','sparmar001@gmail.com');
INSERT INTO `student`(`firstName`, `lastName`, `email`) VALUES ('Ravi','Chotaliya','rchotaliya002@gmail.com');
INSERT INTO `student`(`firstName`, `lastName`, `email`) VALUES ('Shubham','Sheliya','ssheliya003@gmail.com');
INSERT INTO `student`(`firstName`, `lastName`, `email`) VALUES ('Aneri','Patel','apate004@gmail.com');
INSERT INTO `student`(`firstName`, `lastName`, `email`) VALUES ('Manas','Rajani','mrajani005@gmail.com');
INSERT INTO `student`(`firstName`, `lastName`, `email`) VALUES ('Taksh','Patel','tpatel007@gmail.com');

INSERT INTO `term`(`term_name`) VALUES ('F2021');
INSERT INTO `term`(`term_name`) VALUES ('W2021');
INSERT INTO `term`(`term_name`) VALUES ('S2021');
INSERT INTO `term`(`term_name`) VALUES ('F2022');
INSERT INTO `term`(`term_name`) VALUES ('W2022');
INSERT INTO `term`(`term_name`) VALUES ('S2022');

INSERT INTO `course`(`couse_title`) VALUES ('JavaScript');
INSERT INTO `course`(`couse_title`) VALUES ('Node');
INSERT INTO `course`(`couse_title`) VALUES ('React');
INSERT INTO `course`(`couse_title`) VALUES ('Mobile Application');
INSERT INTO `course`(`couse_title`) VALUES ('Database');
INSERT INTO `course`(`couse_title`) VALUES ('Angular');

INSERT INTO `enrollment`(`student_id`, `course_id`, `grade`, `term_name`) VALUES (1,1,'A+','F2021');
INSERT INTO `enrollment`(`student_id`, `course_id`, `grade`, `term_name`) VALUES (1,2,'B+','W2021');
INSERT INTO `enrollment`(`student_id`, `course_id`, `grade`, `term_name`) VALUES (1,4,'A','F2021');
INSERT INTO `enrollment`(`student_id`, `course_id`, `grade`, `term_name`) VALUES (1,6,'C','S2021');

INSERT INTO `enrollment`(`student_id`, `course_id`, `grade`, `term_name`) VALUES (2,3,'C','W2021');
INSERT INTO `enrollment`(`student_id`, `course_id`, `grade`, `term_name`) VALUES (2,4,'B+','S2022');
INSERT INTO `enrollment`(`student_id`, `course_id`, `grade`, `term_name`) VALUES (2,5,'B','W2022');
INSERT INTO `enrollment`(`student_id`, `course_id`, `grade`, `term_name`) VALUES (2,2,'A+','F2022');

INSERT INTO `enrollment`(`student_id`, `course_id`, `grade`, `term_name`) VALUES (3,5,'B+','F2021');
INSERT INTO `enrollment`(`student_id`, `course_id`, `grade`, `term_name`) VALUES (3,2,'D','S2021');
INSERT INTO `enrollment`(`student_id`, `course_id`, `grade`, `term_name`) VALUES (3,6,'A','W2021');
INSERT INTO `enrollment`(`student_id`, `course_id`, `grade`, `term_name`) VALUES (3,1,'A+','W2021');

INSERT INTO `enrollment`(`student_id`, `course_id`, `grade`, `term_name`) VALUES (4,1,'A+','F2021');
INSERT INTO `enrollment`(`student_id`, `course_id`, `grade`, `term_name`) VALUES (4,2,'A','S2021');
INSERT INTO `enrollment`(`student_id`, `course_id`, `grade`, `term_name`) VALUES (4,3,'C','W2021');
INSERT INTO `enrollment`(`student_id`, `course_id`, `grade`, `term_name`) VALUES (4,4,'B+','W2021');

INSERT INTO `enrollment`(`student_id`, `course_id`, `grade`, `term_name`) VALUES (5,2,'B+','F2022');
INSERT INTO `enrollment`(`student_id`, `course_id`, `grade`, `term_name`) VALUES (5,4,'C','S2022');
INSERT INTO `enrollment`(`student_id`, `course_id`, `grade`, `term_name`) VALUES (5,5,'B','W2022');
INSERT INTO `enrollment`(`student_id`, `course_id`, `grade`, `term_name`) VALUES (5,6,'A+','W2022');

INSERT INTO `enrollment`(`student_id`, `course_id`, `grade`, `term_name`) VALUES (6,3,'A+','F2022');
INSERT INTO `enrollment`(`student_id`, `course_id`, `grade`, `term_name`) VALUES (6,5,'C','S2022');
INSERT INTO `enrollment`(`student_id`, `course_id`, `grade`, `term_name`) VALUES (6,2,'B','W2022');
INSERT INTO `enrollment`(`student_id`, `course_id`, `grade`, `term_name`) VALUES (6,1,'D','W2022');

INSERT INTO `enrollment`(`student_id`, `course_id`, `grade`, `term_name`) VALUES (7,6,'B+','F2022');
INSERT INTO `enrollment`(`student_id`, `course_id`, `grade`, `term_name`) VALUES (7,1,'A+','S2022');



